id,name,created_by,created_date,last_modified_by,last_modified_date
1,Department 001,\N,\N,\N,\N
2,Department 002,\N,\N,\N,\N
3,Department 003,\N,\N,\N,\N
4,Department 004,\N,\N,\N,\N
5,Department 005,\N,\N,\N,\N
6,Department 006,\N,\N,\N,\N
7,Department 007,\N,\N,\N,\N
8,Department 008,\N,\N,\N,\N
9,Department 009,\N,\N,\N,\N
10,Department 010,\N,\N,\N,\N
11,Department 011,\N,\N,\N,\N
12,Department 012,\N,\N,\N,\N
13,Department 013,\N,\N,\N,\N
14,Department 014,\N,\N,\N,\N
15,Department 015,\N,\N,\N,\N
16,Department 016,\N,\N,\N,\N
17,Department 017,\N,\N,\N,\N
18,Department 018,\N,\N,\N,\N
19,Department 019,\N,\N,\N,\N
20,Department 020,\N,\N,\N,\N
21,Department 021,\N,\N,\N,\N
22,Department 022,\N,\N,\N,\N
23,Department 023,\N,\N,\N,\N
24,Department 024,\N,\N,\N,\N
25,Department 025,\N,\N,\N,\N
26,Department 026,\N,\N,\N,\N
27,Department 027,\N,\N,\N,\N
28,Department 028,\N,\N,\N,\N
29,Department 029,\N,\N,\N,\N
30,Department 030,\N,\N,\N,\N
31,Department 031,\N,\N,\N,\N
32,Department 032,\N,\N,\N,\N
33,Department 033,\N,\N,\N,\N
34,Department 034,\N,\N,\N,\N
35,Department 035,\N,\N,\N,\N
36,Department 036,\N,\N,\N,\N
37,Department 037,\N,\N,\N,\N
38,Department 038,\N,\N,\N,\N
39,Department 039,\N,\N,\N,\N
40,Department 040,\N,\N,\N,\N
41,Department 041,\N,\N,\N,\N
42,Department 042,\N,\N,\N,\N
43,Department 043,\N,\N,\N,\N
44,Department 044,\N,\N,\N,\N
45,Department 045,\N,\N,\N,\N
46,Department 046,\N,\N,\N,\N
47,Department 047,\N,\N,\N,\N
48,Department 048,\N,\N,\N,\N
49,Department 049,\N,\N,\N,\N
50,Department 050,\N,\N,\N,\N
51,Department 051,\N,\N,\N,\N
52,Department 052,\N,\N,\N,\N
53,Department 053,\N,\N,\N,\N
54,Department 054,\N,\N,\N,\N
55,Department 055,\N,\N,\N,\N
56,Department 056,\N,\N,\N,\N
57,Department 057,\N,\N,\N,\N
58,Department 058,\N,\N,\N,\N
59,Department 059,\N,\N,\N,\N
60,Department 060,\N,\N,\N,\N
61,Department 061,\N,\N,\N,\N
62,Department 062,\N,\N,\N,\N
63,Department 063,\N,\N,\N,\N
64,Department 064,\N,\N,\N,\N
65,Department 065,\N,\N,\N,\N
66,Department 066,\N,\N,\N,\N
67,Department 067,\N,\N,\N,\N
68,Department 068,\N,\N,\N,\N
69,Department 069,\N,\N,\N,\N
70,Department 070,\N,\N,\N,\N
71,Department 071,\N,\N,\N,\N
72,Department 072,\N,\N,\N,\N
73,Department 073,\N,\N,\N,\N
74,Department 074,\N,\N,\N,\N
75,Department 075,\N,\N,\N,\N
76,Department 076,\N,\N,\N,\N
77,Department 077,\N,\N,\N,\N
78,Department 078,\N,\N,\N,\N
79,Department 079,\N,\N,\N,\N
80,Department 080,\N,\N,\N,\N
